Type,positive,negative,neutral
Human,19.84073763621123,24.18273260687343,55.97652975691534
Bot,17.535469472341784,18.90642435836123,63.55810616929699
